{"Mumbai": [72.7712628039, 18.8895552464, 73.0912396106, 19.322318006], "Hyderabad": [78.2288393192, 17.1952635128, 78.692325037, 17.6244114807], "Bangalore": [77.4480254838, 12.815481916, 77.7549560258, 13.1026335949], "Chennai": [80.0337033915, 12.8678089117, 80.335827415, 13.2370438819], "Kolkata": [88.2431406976, 22.4883995072, 88.4944529534, 22.7071046611], "Ahmedabad": [72.4617185823, 22.9179551449, 72.699297928, 23.1470216925], "Delhi_NCR": [76.881197, 28.31444, 77.604922, 28.893765]}